{"train_loss": [0.07319979235303152, 0.031232326484825157, 0.020888902963426027, 0.013879549390915274, 0.008512844564317959], "train_acc": [57.780648865920185, 80.1464254952627, 86.19006603502727, 90.35314384151593, 93.80562733275912], "test_loss": [0.06149467958070501, 0.04168195763635139, 0.04375224763750557, 0.04077635999712842, 0.0488545158465431], "test_acc": [65.42426645519429, 75.81284694686757, 75.35969185453722, 77.70476945734677, 77.55749405233941]}