{"train_loss": [0.06946651491344813, 0.03133931187118671, 0.020725108097389474, 0.014222854165957416, 0.00880360169697144], "train_acc": [59.74734424346828, 80.17513637668677, 86.02497846683893, 90.20958943439564, 93.51851851851852], "test_loss": [0.05056811515395904, 0.04197192443103202, 0.06181446918243863, 0.046516395284012135, 0.05480602302023947], "test_acc": [70.54491899852725, 74.02288433216269, 72.07431743514218, 74.84989237566558, 75.34836297722896]}