{"train_loss": [0.049491412077711947, 0.028451334235335676, 0.020616829525513566, 0.015416446724276056, 0.011985289724329778], "train_acc": [70.32730404823428, 81.79012345679013, 86.35515360321561, 89.58512776342234, 91.61642262417456], "test_loss": [0.04188736705327879, 0.0359539251529348, 0.031153565416391294, 0.03304194756189005, 0.03259667277739585], "test_acc": [74.04554208677921, 77.36490313809901, 80.72957969865186, 79.97054491899853, 80.48034439787017]}