{"train_loss": [0.05338140275888733, 0.030198400658337406, 0.02294617707266475, 0.017773812904926148, 0.014346546166184183], "train_acc": [68.31036462819408, 81.3451047947172, 85.49382716049382, 88.32902670111973, 90.30289979902383], "test_loss": [0.04934784684929935, 0.035931767563466326, 0.035295158654191396, 0.03344121490315766, 0.035979118147512326], "test_acc": [70.51093236660247, 77.97666251274498, 78.50911974623315, 80.24243797439674, 79.27948340319475]}