{"train_loss": [0.07084058263017431, 0.039468507298211955, 0.030270538296301303, 0.026397072604210033, 0.01994351561237667], "train_acc": [57.32127476313523, 74.34682744760264, 80.37611254665518, 82.68733850129199, 86.44846396784381], "test_loss": [0.04900624579990033, 0.05317728923849143, 0.04307972522220566, 0.045604946654130854, 0.042372998775066235], "test_acc": [68.68698311997281, 69.43468902231788, 73.96623994562138, 72.57278803670556, 76.54922397190438]}