{"train_loss": [0.07220651877617788, 0.03418810416452593, 0.024771751019063006, 0.01825957785288587, 0.014478024918459807], "train_acc": [57.5007177720356, 78.00028710881423, 83.8931955211025, 87.46052253804191, 89.72150445018661], "test_loss": [0.05563034730183385, 0.04054381787587876, 0.039425540680427223, 0.045058337289350846, 0.042461102310126224], "test_acc": [65.78679052905856, 75.55228276877762, 77.2289566103999, 75.48430950492806, 77.82938710773762]}