{"train_loss": [0.05898542871403003, 0.03888528643562607, 0.030067360005628915, 0.024625413067116925, 0.0209862668745855], "train_acc": [64.37697387309791, 75.60292850990525, 80.46942291128337, 83.81424059718633, 86.12546655182314], "test_loss": [0.051540740848033256, 0.0470406926423058, 0.04008167669796601, 0.03738357711144883, 0.04045669310418668], "test_acc": [67.42947773875609, 70.4769457346777, 74.36275065141045, 77.08168120539254, 75.93746459725841]}