{"train_loss": [0.0749990190543767, 0.046806348078626686, 0.03590672266913699, 0.028689572007905777, 0.023814529021696527], "train_acc": [57.773471145564166, 72.41602067183463, 78.366350846971, 82.19925351708298, 85.0488084984209], "test_loss": [0.06012941310964031, 0.04571248318987767, 0.038950773799447766, 0.041862580932400785, 0.03627796880491487], "test_acc": [63.28310864393339, 71.36059816472188, 74.07952871870398, 74.54401268834259, 76.97972130961821]}