{"train_loss": [0.05412077711653922, 0.03473926049892737, 0.02814746538977701, 0.02392895678456679, 0.021198791387712062, 0.01867967931366013, 0.01744803293462936, 0.015474795094313393, 0.014044616323129143, 0.01317465355778351], "train_acc": [67.36290554120012, 78.38070628768303, 82.1131208728108, 84.39563594602355, 85.80964685615848, 87.76198679299455, 87.92707436118289, 89.02526557565318, 90.16652311225954, 90.61871949468849], "test_loss": [0.04516721177448216, 0.036089415943803556, 0.03487307633780482, 0.036680157833502765, 0.032427721312163, 0.031457215328526224, 0.034904723225634746, 0.03386733514091444, 0.032377770190616016, 0.031122822028784084], "test_acc": [73.00328537441939, 76.71915713152826, 77.44420527925682, 77.54616517503115, 78.91695932933047, 80.1971224651637, 79.33612778973604, 80.80888183980967, 81.37532570522261, 80.7748952078849]}