{"train_loss": [0.04751744853429434, 0.029285737862818514, 0.02356121413828979, 0.019523859453076584, 0.017004034697058648, 0.014645085997340445, 0.012883174964118489, 0.011964852969126603, 0.010122265009142132, 0.009304662056664604], "train_acc": [71.31782945736434, 81.3451047947172, 84.8980763709446, 87.07292563881711, 88.32902670111973, 89.69997128911858, 91.1068044788975, 91.48004593741028, 92.76485788113695, 93.25294286534597], "test_loss": [0.037746737156473954, 0.036795462623375304, 0.0357097625885198, 0.03376199347514103, 0.02986872958347929, 0.03063641024884915, 0.03119027740865949, 0.0304847925763619, 0.032495855456432306, 0.0321262961453093], "test_acc": [76.34530418035573, 76.67384162229523, 76.71915713152826, 79.30214115781126, 81.66987651523733, 81.39798345983912, 80.67293531211057, 81.8171519202447, 81.38665458253087, 81.74917865639515]}