{"train_loss": [0.04195966782918694, 0.018951160623786146, 0.012931427801074421, 0.009348784282606935, 0.006578705384925482], "train_acc": [75.28779056846972, 89.3095248677719, 92.85857149206632, 94.81532512556113, 96.38539490644028], "test_loss": [0.028666366268893635, 0.03739822135179778, 0.029655162807979456, 0.030256086718783944, 0.033096985552916534], "test_acc": [84.55431754874652, 80.51532033426184, 85.54317548746518, 87.35376044568245, 84.88857938718662]}