{"train_loss": [0.04638212765717472, 0.01746898516740431, 0.010914296457712459, 0.007364105048962968, 0.004421385815256458], "train_acc": [72.5198897728788, 90.29845770923153, 94.0419574203298, 95.90537357215877, 97.60989377305658], "test_loss": [0.030362310353666544, 0.02483984379909808, 0.020850280005015268, 0.02101370540851582, 0.020741716757068776], "test_acc": [83.81615598885794, 86.016713091922, 90.54317548746518, 89.83286908077994, 90.65459610027855]}