{"train_loss": [0.020178382375504088, 0.008161289615009339, 0.005494139351079629, 0.0038770341762091763, 0.0027872066655182407], "train_acc": [89.10062669451976, 95.62869460864927, 97.11876083381483, 97.91990755144673, 98.54104626872305], "test_loss": [0.031565323957011185, 0.04348366929232441, 0.06600936212360309, 0.05622411485304823, 0.04354305150373878], "test_acc": [87.17270194986072, 88.76044568245125, 89.06685236768803, 85.06963788300835, 84.88857938718662]}