{"train_loss": [0.019598484422599132, 0.00795232356630234, 0.005481409351271832, 0.003934728287533665, 0.002690165935179958], "train_acc": [89.2995244233077, 95.70980932485888, 97.09987110538246, 97.91435174896662, 98.56993644161963], "test_loss": [0.023658445958258237, 0.030656604961333874, 0.03749316223604542, 0.03408319099542288, 0.07005985288804237], "test_acc": [90.06963788300835, 89.24791086350974, 85.82172701949861, 89.48467966573816, 87.7715877437326]}