{"train_loss": [0.030033705539339834, 0.011986203942975011, 0.008188255949292678, 0.006020477652714015, 0.00424247358471091], "train_acc": [82.89923996622072, 93.45637583892618, 95.48979954664652, 96.72318769723098, 97.61989421752078], "test_loss": [0.036839667030851404, 0.023449109888228285, 0.03933455810744658, 0.018476838704061107, 0.024317390378945623], "test_acc": [82.63231197771587, 89.025069637883, 80.0974930362117, 91.78272980501393, 91.10027855153203]}