{"train_loss": [0.04140544859166337, 0.023596334671785027, 0.02051199312857521, 0.017777137808299967, 0.016740940176334044], "train_acc": [75.73781056935864, 86.58829281301391, 88.27725676696743, 89.94621983199254, 90.49068847504334], "test_loss": [0.03713476665857609, 0.03444125125272859, 0.03168027898229264, 0.03801424565328114, 0.035889703400619845], "test_acc": [83.38440111420613, 82.64623955431755, 85.65459610027855, 82.53481894150418, 81.00278551532034]}