{"train_loss": [0.02412017152541085, 0.009768846939151003, 0.0065976888788718, 0.004687414242183937, 0.0035031320318572663], "train_acc": [86.68051913418374, 94.81421396506511, 96.42761900528913, 97.45099782212543, 98.14880661362727], "test_loss": [0.03634011394948722, 0.03764225315629481, 0.040666243873930905, 0.04572794017976041, 0.02909972687436055], "test_acc": [85.57103064066852, 88.77437325905292, 83.21727019498607, 79.67966573816156, 88.6908077994429]}