{"train_loss": [0.028456719349655407, 0.010539870640875634, 0.007390564849708368, 0.005520539207335244, 0.004126266312346534], "train_acc": [84.73043246366505, 94.4153073469932, 96.07204764656207, 97.03209031512512, 97.79656873638828], "test_loss": [0.051140522922085686, 0.03849046365669241, 0.034823284975400916, 0.034353990805618115, 0.027522505832898295], "test_acc": [79.8050139275766, 87.93871866295265, 87.82729805013928, 88.25905292479109, 89.3175487465181]}