{"train_loss": [0.021292083477096404, 0.008723181255981446, 0.006014515901880544, 0.0046144487592036975, 0.003892853499005666, 0.003213334305637504, 0.0028371160754116728, 0.002427722148486778, 0.002298055628069024, 0.0019927163050010455], "train_acc": [88.69171963198364, 95.4986888306147, 96.91986310502689, 97.58989288412819, 97.99546646517624, 98.37770567580782, 98.51104493533046, 98.71772078759057, 98.82216987421663, 98.95884261522734], "test_loss": [0.025520216704743155, 0.08682030193964253, 0.03131587340588575, 0.011202470413156237, 0.02401323413141046, 0.013918651143850339, 0.026102596145427415, 0.031056979410548132, 0.025683852776555566, 0.0407748578632384], "test_acc": [88.02228412256268, 69.28969359331477, 86.57381615598885, 94.87465181058496, 87.9108635097493, 92.9108635097493, 91.12813370473538, 88.48189415041783, 86.97771587743732, 86.61559888579387]}