{"train_loss": [0.015369316092122942, 0.005938825298995151, 0.004011221043606566, 0.003083927723380842, 0.0025049978333314075, 0.00202714897440862, 0.0017718099494048178, 0.0015174186636231694, 0.0013001233011065015, 0.0011534274567463697], "train_acc": [92.01520067558558, 96.95430908040358, 97.91546290946265, 98.42993021912085, 98.66994088626161, 98.93773056580292, 99.12440552913463, 99.25107782568114, 99.30885817147428, 99.40108449264412], "test_loss": [0.012901449722593291, 0.021802335972365895, 0.032836696704328164, 0.03158861351560044, 0.034874103560623475, 0.04033892779522848, 0.020549229462841826, 0.028569949654298692, 0.027730789911640744, 0.01711479509327156], "test_acc": [95.0, 87.29805013927577, 85.98885793871867, 83.71866295264624, 84.91643454038997, 88.6908077994429, 91.37883008356546, 87.3259052924791, 87.9108635097493, 93.37047353760445]}