{"train_loss": [0.10017249827031736, 0.08199454016155666, 0.08006214742307309, 0.08017439450378772, 0.07854823619127274], "train_acc": [42.03703703703704, 47.22222222222222, 47.77777777777778, 47.592592592592595, 48.611111111111114], "test_loss": [0.08103311330080032, 0.08316061586141586, 0.08036203801631928, 0.08014966875314712, 0.08274539425969124], "test_acc": [52.25, 43.5, 48.5, 49.0, 48.25]}