{"train_loss": [0.0849653375921426, 0.07801595446136263, 0.07809453948780343, 0.07622755616903305, 0.07519694373563483], "train_acc": [45.648148148148145, 49.074074074074076, 47.22222222222222, 49.166666666666664, 48.7962962962963], "test_loss": [0.07791180089116097, 0.08240604996681214, 0.07705970853567123, 0.07648076698184013, 0.07451259717345238], "test_acc": [49.5, 46.75, 48.0, 51.25, 51.25]}