{"train_loss": [0.08091938606014958, 0.07403957965197387, 0.07212655930607408, 0.06914399983706297, 0.06790507524101823], "train_acc": [46.48148148148148, 50.925925925925924, 50.55555555555556, 55.833333333333336, 56.48148148148148], "test_loss": [0.0762365084886551, 0.07780471205711365, 0.07885556444525718, 0.0791154569387436, 0.0754813376069069], "test_acc": [54.5, 54.75, 54.75, 54.0, 52.75]}