{"train_loss": [0.07917450263544365, 0.07398902023280109, 0.07290918302756769, 0.07081480881682149, 0.06864447985534315], "train_acc": [46.75925925925926, 52.31481481481482, 51.01851851851852, 54.907407407407405, 56.48148148148148], "test_loss": [0.07841946825385093, 0.07800523981451989, 0.07917012691497803, 0.07681333839893341, 0.07774027943611145], "test_acc": [52.5, 52.5, 51.75, 53.0, 53.0]}