{"train_loss": [0.09003342632894162, 0.08239725607412833, 0.07766962895790736, 0.07592409942988997, 0.07560999266527317], "train_acc": [44.907407407407405, 46.574074074074076, 48.51851851851852, 49.351851851851855, 49.81481481481482], "test_loss": [0.08447204262018204, 0.07572409853339196, 0.07595910668373108, 0.07520196333527565, 0.07549409866333008], "test_acc": [43.5, 52.25, 52.25, 50.75, 51.5]}