{"train_loss": [0.08393154392639796, 0.07900847224173722, 0.07945721292937244, 0.07805782164688464, 0.07936689252102816], "train_acc": [46.574074074074076, 47.129629629629626, 48.24074074074074, 48.05555555555556, 46.851851851851855], "test_loss": [0.07994725599884987, 0.07531672850251198, 0.07728743016719818, 0.07995592072606086, 0.07569479167461396], "test_acc": [47.75, 52.5, 52.0, 43.75, 43.5]}