{"train_loss": [0.08197029751759988, 0.07482611879154488, 0.07372442379041955, 0.073652000007806, 0.07247226966751946], "train_acc": [47.870370370370374, 51.2962962962963, 51.666666666666664, 51.851851851851855, 51.851851851851855], "test_loss": [0.07542443707585335, 0.0739770795404911, 0.07319441169500351, 0.07347732990980148, 0.07381916865706444], "test_acc": [52.75, 54.0, 55.0, 54.25, 51.25]}