{"train_loss": [0.07895441800355911, 0.07444922780549085, 0.07356551328191051, 0.07268335973774945, 0.07106231153011322], "train_acc": [48.148148148148145, 49.351851851851855, 52.68518518518518, 52.31481481481482, 54.907407407407405], "test_loss": [0.07555330008268356, 0.07667603626847268, 0.08040722563862801, 0.07352424770593644, 0.07667157515883445], "test_acc": [49.0, 49.0, 50.5, 53.5, 51.75]}