{"train_loss": [0.09292875666309286, 0.07900812565176575, 0.07611645327674019, 0.07448870594854708, 0.07445865052717704, 0.07275968028439415, 0.07318699061870575, 0.07272656537868359, 0.07331163237492243, 0.07210019528865814], "train_acc": [45.092592592592595, 49.074074074074076, 51.388888888888886, 51.94444444444444, 51.851851851851855, 51.75925925925926, 51.666666666666664, 52.129629629629626, 52.407407407407405, 51.851851851851855], "test_loss": [0.07881045162677765, 0.07476388052105903, 0.07251631408929825, 0.07770510450005531, 0.07521872594952583, 0.07550764814019204, 0.07565228402614593, 0.07440268501639366, 0.08191984951496124, 0.0795556490123272], "test_acc": [49.75, 56.75, 54.0, 51.5, 55.5, 57.25, 55.0, 58.25, 51.5, 49.5]}