{"train_loss": [0.08901549958520466, 0.07675916370418337, 0.07439233484091583, 0.07296245627933079, 0.07259385309837482, 0.07107341786225636, 0.07116259651051628, 0.06877312097284528, 0.06868856345061902, 0.06820598018390162], "train_acc": [48.51851851851852, 50.648148148148145, 52.03703703703704, 53.05555555555556, 52.77777777777778, 53.51851851851852, 54.166666666666664, 56.75925925925926, 57.407407407407405, 57.592592592592595], "test_loss": [0.07928248658776284, 0.08058297917246819, 0.07833626478910447, 0.07420408889651299, 0.07513748332858086, 0.07449717491865158, 0.07354444354772567, 0.0730462834239006, 0.07290875777602196, 0.07557652324438095], "test_acc": [49.25, 55.75, 48.75, 53.0, 57.25, 51.25, 55.25, 56.0, 54.25, 53.25]}