{"train_loss": [0.05424794133493101, 0.031476884264817, 0.022605535859829735, 0.015819436992859003, 0.01133922196430795], "train_acc": [67.73141567020654, 81.45329877080023, 87.13939292582992, 91.00259218998244, 93.61150597876076], "test_loss": [0.03602896645138118, 0.025116303723302195, 0.019370866846320434, 0.012168383266634148, 0.010080430899506875], "test_acc": [77.90119847997661, 85.64747149956153, 88.33674364220988, 93.71528792750658, 94.329143525285]}