{"train_loss": [0.04501385043691917, 0.025099122717207774, 0.017374753169213882, 0.01247909868614053, 0.009314009614721177], "train_acc": [72.28865289739944, 84.81478384480307, 90.0158876160214, 93.01781085375032, 94.72363910025922], "test_loss": [0.029654247475555506, 0.01952768379625818, 0.014817781260716778, 0.012006163569611003, 0.01147408358637299], "test_acc": [82.43203741596025, 89.09675533469746, 90.93832212803274, 93.04296989184449, 94.00760011692488]}