{"train_loss": [0.021092926842735327, 0.009465003241289967, 0.006833078106514843, 0.004615722333104196, 0.0037684377156172637], "train_acc": [89.22150681495108, 95.1166485492098, 96.37093402458399, 97.60013379045071, 97.99314323940129], "test_loss": [0.010566679212256277, 0.005554751358551698, 0.019262596708252804, 0.004267374336570736, 0.0039951131846611455], "test_acc": [94.15375621163402, 97.19380298158433, 90.06138555977785, 98.0415083308974, 98.2461268634902]}