{"train_loss": [0.022514615459762466, 0.010136786549028066, 0.0069171014125916416, 0.005083567978499935, 0.004049513198821417], "train_acc": [89.53925913537921, 94.94941048582658, 96.51308637845973, 97.54160046826658, 97.89280040137135], "test_loss": [0.00997195885595924, 0.004458785849685724, 0.006640692026626881, 0.005185233144416536, 0.007163401574784717], "test_acc": [94.88453668517977, 98.2461268634902, 96.52148494592224, 97.4568839520608, 96.22917275650394]}