{"train_loss": [0.05184401364662006, 0.025339728552894514, 0.016458192057873317, 0.01439870497965968, 0.01032252336831771], "train_acc": [68.61777740613763, 85.23287900326115, 90.9691445773058, 92.25687766535664, 94.5982105527218], "test_loss": [0.029683302385578446, 0.025704143468145736, 0.01076941680352622, 0.014644804946670961, 0.012055129245374416], "test_acc": [81.23355743934522, 84.47822274188833, 94.329143525285, 91.72756503946215, 92.83835135925167]}