{"train_loss": [0.05685360739039522, 0.020930168120397184, 0.0132862456904221, 0.009617496419002409, 0.007026970914078066], "train_acc": [66.46040638849402, 88.58600217409483, 93.10979178861109, 94.86579145413496, 96.25386738021574], "test_loss": [0.030393678841971403, 0.020867547196181186, 0.010356533462255192, 0.008991473536661836, 0.0077449242997935245], "test_acc": [81.73048816135633, 89.27214264834844, 94.97223034200526, 95.11838643671442, 95.96609178602748]}