{"train_loss": [0.048253521978610915, 0.01570841515716656, 0.010455668984177728, 0.008490895626916815, 0.006400219587890617], "train_acc": [78.9112802073752, 92.76695375867547, 94.86579145413496, 95.91102935028012, 96.88101011790283], "test_loss": [0.018065859437058525, 0.011542419959877849, 0.010070412061472571, 0.006885450952151424, 0.0064679757904672975], "test_acc": [91.63987138263666, 94.8260742472961, 94.65068693364513, 96.81379713534055, 97.10610932475885]}