{"train_loss": [0.028665529034619986, 0.01201281480170934, 0.00897557047529121, 0.00682942572108048, 0.005511613871609179], "train_acc": [86.18613596454553, 93.73693452629819, 95.20862948407057, 96.31240070239987, 96.98971485910194], "test_loss": [0.013407079739786316, 0.010321105748428061, 0.007228419206463709, 0.007190913487206987, 0.005106722344667508], "test_acc": [93.04296989184449, 95.2060800935399, 96.52148494592224, 96.05378544285297, 97.60304004676995]}