{"train_loss": [0.024351618151689056, 0.012615861611797296, 0.010353869289575322, 0.008346214563438554, 0.0072878733368942315, 0.006840757815068717, 0.006316234969237037, 0.005509036026151094, 0.004733569022460879, 0.004689544325450923], "train_acc": [88.20971653148257, 93.72857262312903, 94.5982105527218, 95.76051509323523, 96.05318170415586, 96.29567689606155, 96.55489589430555, 97.12350530980851, 97.38272430805252, 97.49979095242077], "test_loss": [0.03909094327311006, 0.009878839160599092, 0.021848042266052983, 0.007640009087686544, 0.008326765154119503, 0.0042201441347743856, 0.008427152094763078, 0.006606079688402167, 0.00810901689713669, 0.004449525734746447], "test_acc": [79.42122186495178, 95.29377375036539, 88.65828705057001, 96.2876351943876, 95.70301081555101, 97.95381467407191, 95.29377375036539, 96.6676410406314, 95.55685472084186, 97.66150248465361]}