{"train_loss": [0.02071745321388223, 0.010388954947378232, 0.007768041993626779, 0.006586643458538811, 0.005600966335832574, 0.005067603831952051, 0.004757930819477142, 0.0037560466638713193, 0.0037226977000947587, 0.00350959094054592], "train_acc": [90.19984948574296, 94.5982105527218, 96.06154360732502, 96.39601973409148, 97.14022911614684, 97.2991052763609, 97.49142904925161, 97.95133372355548, 97.95133372355548, 98.10184798060038], "test_loss": [0.012788231538767111, 0.00693737124742162, 0.007562001700083203, 0.0062345767840040695, 0.01150939464585426, 0.005306162463371239, 0.007940597068952619, 0.005557580818349996, 0.003866887746666806, 0.0035318468702269365], "test_acc": [92.28295819935691, 96.72610347851506, 96.25840397544577, 96.8722595732242, 94.73838059047063, 97.42765273311898, 95.84916691026015, 97.42765273311898, 97.89535223618824, 98.77228880444315]}