{"train_loss": [0.04583925465225944, 0.01890786913957497, 0.01143904302484555, 0.006877417594323613, 0.004158477501850396], "train_acc": [76.60886319845858, 90.35838150289017, 94.11946050096338, 96.46242774566474, 97.98073217726397], "test_loss": [0.037493811129522533, 0.03021394102285528, 0.023669972923514457, 0.023265443158271597, 0.023070867603328243], "test_acc": [80.65968841285297, 83.2765335929893, 87.80428432327166, 88.72930866601753, 88.91187925998052]}