{"train_loss": [0.02593469179090048, 0.00814688938703955, 0.005391354710635279, 0.0027172282502335105, 0.0017075306344472288], "train_acc": [72.97880539499036, 90.95953757225433, 93.95761078998073, 96.97880539499036, 98.1271676300578], "test_loss": [0.01701444654590373, 0.012585458909764436, 0.012808500439973282, 0.011279444873583264, 0.012831135038803345], "test_acc": [81.0491723466407, 86.85491723466407, 87.25657254138267, 88.94839337877312, 88.16942551119766]}