{"train_loss": [0.01709393789313432, 0.0072902696374409, 0.004883902742884522, 0.0036959832937587664, 0.0026765619169540258], "train_acc": [81.2485549132948, 92.04624277456648, 94.72061657032755, 95.99229287090559, 97.38728323699422], "test_loss": [0.01436736776576012, 0.010911812899704975, 0.012434416300931832, 0.00920451136066523, 0.0090322862692112], "test_acc": [84.31110029211295, 88.71713729308667, 87.80428432327166, 91.54089581304771, 91.29746835443038]}