{"train_loss": [0.02036236258255953, 0.009211549892131533, 0.006310074361245756, 0.004539424409095722, 0.003496661917997348], "train_acc": [78.85163776493256, 90.15028901734104, 93.11753371868978, 95.1907514450867, 96.30057803468208], "test_loss": [0.015171483835566357, 0.013266254658062653, 0.009593032460529158, 0.010268662659906598, 0.008275835870850392], "test_acc": [82.5462512171373, 84.85881207400195, 89.92210321324245, 89.56913339824732, 92.29552093476144]}