{"train_loss": [0.0570804566983313, 0.02084088871661064, 0.012599664787279159, 0.00861103862407393, 0.006217667620435271], "train_acc": [68.6859344894027, 88.2466281310212, 93.03275529865125, 95.26011560693641, 96.53949903660886], "test_loss": [0.03249095348838967, 0.026663170294507887, 0.02485000015170238, 0.02979353764998983, 0.02303433491438745], "test_acc": [82.3271665043817, 85.91772151898734, 87.00097370983447, 85.75949367088607, 89.58130477117818]}