{"train_loss": [0.06224513754564443, 0.024457048894352997, 0.01659095023193456, 0.012522270515281169, 0.009215434163464287], "train_acc": [63.57610789980732, 86.2504816955684, 90.66666666666667, 93.21001926782273, 94.86705202312139], "test_loss": [0.03809454199742841, 0.029729276517371644, 0.02683652957940806, 0.026997928911168943, 0.023051365012050892], "test_acc": [77.70204479065238, 84.01898734177215, 85.90555014605647, 85.86903602726387, 88.82667964946447]}