{"train_loss": [0.03680571039747411, 0.016648990437244864, 0.011730888178123445, 0.008886669890269608, 0.006939693585411432], "train_acc": [64.38535645472062, 83.71483622350674, 88.40847784200385, 91.27552986512524, 93.51059730250482], "test_loss": [0.025078194769064893, 0.02003570255019068, 0.014406913924080837, 0.014030266049868467, 0.012297094013349687], "test_acc": [74.9269717624148, 76.54576436222005, 85.41869522882182, 86.2585199610516, 87.62171372930867]}