{"train_loss": [0.024971063058959724, 0.012663691108167056, 0.00936361057622814, 0.007261635986711248, 0.0054793469039346445], "train_acc": [73.495183044316, 85.83429672447014, 89.27167630057804, 92.00770712909441, 94.21965317919076], "test_loss": [0.021429366521907293, 0.018679817554476546, 0.016342605851380247, 0.012457143762008356, 0.011796307396379452], "test_acc": [75.97370983446933, 79.71032132424537, 81.03700097370984, 87.52434274586173, 88.0111976630964]}