{"train_loss": [0.0365650288493647, 0.020456892910031225, 0.014891572798205709, 0.012448608528801128, 0.009839169648807919, 0.008628835490149282, 0.007071074216477645, 0.005965816218420318, 0.005348656187058285, 0.004883140564316557], "train_acc": [79.91522157996147, 88.83236994219654, 92.26974951830444, 93.29479768786128, 94.97495183044316, 95.5067437379576, 96.20809248554913, 96.83236994219654, 97.23314065510597, 97.60308285163777], "test_loss": [0.029387158879007284, 0.023202790155509866, 0.021985321066286978, 0.017908178958153134, 0.018812867344713914, 0.020022401144771593, 0.019947561373169685, 0.016105713220569372, 0.014019196343512076, 0.017797982328152648], "test_acc": [82.60710808179162, 87.65822784810126, 88.57108081791625, 90.62804284323272, 90.78627069133398, 90.14118792599805, 89.53261927945472, 91.66260954235638, 92.55111976630964, 91.32181110029211]}