{"train_loss": [0.031975212059843286, 0.01584111518942552, 0.010941151840457968, 0.008644997585162894, 0.007265800497456954, 0.00598095159896924, 0.005309166298831072, 0.004422905370171374, 0.003695860354863251, 0.0033153982494324302], "train_acc": [82.58188824662813, 91.79190751445087, 94.35838150289017, 95.47591522157997, 96.04624277456648, 96.85549132947978, 97.23314065510597, 97.70327552986512, 98.09633911368016, 98.4354527938343], "test_loss": [0.029506487285803566, 0.02123913970302533, 0.016417841627326013, 0.015340729903965008, 0.012868924502953488, 0.013960452119137651, 0.012786128514265178, 0.013387779491864454, 0.01383638454975466, 0.012628584703318992], "test_acc": [85.29698149951315, 89.37439143135346, 91.07838364167478, 91.56523855890944, 93.1110029211295, 92.97711781888997, 93.24488802336903, 92.97711781888997, 93.4031158714703, 93.3300876338851]}