{"train_loss": [0.020178985086937506, 0.010876225553668193, 0.008644035013535787, 0.007129089541122208, 0.005484560777605021], "train_acc": [87.04333050127443, 93.39422259983007, 94.47748513169074, 95.45454545454545, 96.60152931180968], "test_loss": [0.032405088416849956, 0.03418375962437727, 0.036476700471188776, 0.04431977614951439, 0.04587099346547173], "test_acc": [78.2051282051282, 83.49358974358974, 82.8525641025641, 81.41025641025641, 82.53205128205128]}