{"train_loss": [0.014548509688772967, 0.009423161728446868, 0.007499165863658008, 0.005825272037942609, 0.004060226917544185], "train_acc": [90.44180118946474, 94.11639762107052, 95.26338147833475, 96.75021240441801, 97.62107051826678], "test_loss": [0.03013826260725275, 0.03282313116897757, 0.03018673172650429, 0.03775663394480944, 0.034829082868945524], "test_acc": [82.6923076923077, 80.92948717948718, 84.93589743589743, 83.65384615384616, 86.0576923076923]}