{"train_loss": [0.0120580515021319, 0.00665571079502387, 0.005341504245008182, 0.0038761228767131475, 0.0027277459593075537], "train_acc": [92.41716227697536, 96.43160577740016, 96.85641461342396, 97.87595581988106, 98.44944774851317], "test_loss": [0.02245596383149043, 0.01577257370137466, 0.024879027993824236, 0.022697338513516557, 0.02398800434699903], "test_acc": [88.62179487179488, 91.82692307692308, 88.14102564102564, 89.90384615384616, 90.06410256410257]}