{"train_loss": [0.012435746416386246, 0.007172191523279783, 0.005093573737899815, 0.004350964209031608, 0.0032244739057409153], "train_acc": [92.16227697536108, 96.09175870858114, 97.32370433305013, 97.7697536108751, 98.04587935429056], "test_loss": [0.02000002539716661, 0.019686136418619216, 0.016444786944283314, 0.03566789830055756, 0.04018039883186038], "test_acc": [86.69871794871794, 90.06410256410257, 91.18589743589743, 83.97435897435898, 83.17307692307692]}