{"train_loss": [0.02869494983051273, 0.022467019274583944, 0.016184517334728876, 0.014613618851879085, 0.014434677376605715], "train_acc": [78.58963466440102, 84.21835174171623, 88.9124893797791, 90.82412914188615, 90.97281223449448], "test_loss": [0.03133330503717447, 0.026423069099203136, 0.029025830232944243, 0.026161982462956354, 0.027193832067916028], "test_acc": [74.51923076923077, 82.05128205128206, 86.0576923076923, 81.57051282051282, 84.2948717948718]}