{"train_loss": [0.02487526464093233, 0.014477880833830333, 0.011428812083914029, 0.00967771514040357, 0.007841455748090292], "train_acc": [82.4553950722175, 90.25063721325404, 92.75700934579439, 93.88275276125744, 95.19966015293119], "test_loss": [0.037811448773703515, 0.026409437659029394, 0.019328500499399617, 0.02949438199926263, 0.02151124410999891], "test_acc": [74.83974358974359, 84.93589743589743, 88.78205128205128, 83.01282051282051, 86.85897435897436]}