{"train_loss": [0.01519430771995472, 0.01055669179384042, 0.008345277038360919, 0.0058724560211380955, 0.004125484089478265], "train_acc": [89.46474086661003, 93.50042480883603, 94.92353440951572, 96.70773152081563, 97.62107051826678], "test_loss": [0.02117855980610236, 0.018633421641798355, 0.05118920607492328, 0.04427108833661828, 0.022853802459744308], "test_acc": [84.2948717948718, 87.17948717948718, 73.71794871794872, 78.2051282051282, 87.01923076923077]}