{"train_loss": [0.017997821984447052, 0.011116565922836986, 0.009003492380423549, 0.00721438043551423, 0.005536436886540887], "train_acc": [88.59388275276126, 93.50042480883603, 94.81733220050977, 96.02803738317758, 96.92013593882753], "test_loss": [0.025393344246997282, 0.021815390588763434, 0.026047862308004346, 0.03972034684071938, 0.048729296654271774], "test_acc": [80.12820512820512, 84.61538461538461, 82.53205128205128, 78.52564102564102, 76.76282051282051]}