{"train_loss": [0.013951635619620702, 0.008542070484849939, 0.00724233533408075, 0.006576825653443377, 0.005924683979917365, 0.005491218965234727, 0.0042611696173717045, 0.004413233865499528, 0.0038575469035027786, 0.0037282534442053114], "train_acc": [91.88615123194562, 95.22090059473237, 95.73067119796092, 96.1767204757859, 96.70773152081563, 96.5590484282073, 97.51486830926083, 97.68479184367035, 97.87595581988106, 97.70603228547154], "test_loss": [0.016822822965108432, 0.02275918640841085, 0.017340083414008126, 0.013836886793470535, 0.011182947293258248, 0.02501734025262965, 0.024083393169208787, 0.015934654630911656, 0.013128643213675763, 0.011344717937903717], "test_acc": [91.02564102564102, 85.8974358974359, 90.06410256410257, 92.1474358974359, 93.58974358974359, 86.0576923076923, 88.46153846153847, 91.82692307692308, 92.3076923076923, 94.87179487179488]}