{"train_loss": [0.012293546143666024, 0.007727479055949575, 0.006753310013622577, 0.005137653462203044, 0.0043941144981325, 0.003872412366091496, 0.0032131604972394767, 0.0030233444733386533, 0.002691432553599747, 0.0021023812599736524], "train_acc": [93.1393372982158, 95.45454545454545, 96.34664401019542, 97.17502124044181, 97.32370433305013, 97.93967714528462, 98.15208156329652, 98.13084112149532, 98.3857264231096, 98.87425658453697], "test_loss": [0.016327848705725793, 0.016370576806366444, 0.033315685183669515, 0.01604929184451556, 0.024842161028526533, 0.034331516159746125, 0.013166993269875932, 0.0233731310790739, 0.013839427792192556, 0.04854512427193232], "test_acc": [91.18589743589743, 90.22435897435898, 81.08974358974359, 91.66666666666667, 86.53846153846153, 85.41666666666667, 93.10897435897436, 88.9423076923077, 95.1923076923077, 83.01282051282051]}