{"train_loss": [0.0714121627853552, 0.06097119346960679, 0.05558056855900951, 0.05194715493089788, 0.04867443913601597], "train_acc": [66.23376623376623, 67.31839588982446, 68.40302554588268, 69.95861281575567, 71.49992864278579], "test_loss": [0.06092791362593596, 0.055608474762362435, 0.05155917312438946, 0.049466927866091456, 0.047382351956759904], "test_acc": [66.88279301745636, 67.83042394014963, 69.57605985037407, 71.17206982543641, 71.6209476309227]}