{"train_loss": [0.06562272110610745, 0.05626244983149779, 0.05112208771147605, 0.04785244647252401, 0.04603070874084534], "train_acc": [66.61909519052377, 67.96061081775368, 70.57228485799915, 71.98515769944342, 72.57028685600115], "test_loss": [0.05820715072149053, 0.05505644971890342, 0.04802507880025374, 0.04616197741537023, 0.0466057163893136], "test_acc": [67.58104738154613, 68.5286783042394, 72.11970074812967, 71.6209476309227, 71.6708229426434]}