{"train_loss": [0.054786458188292815, 0.04798508300341637, 0.04497950583955812, 0.04242646313945356, 0.03923434229197883], "train_acc": [68.63136863136863, 71.88525759954331, 73.21250178393035, 74.26858855430284, 76.80890538033395], "test_loss": [0.07020894651698353, 0.06373576035820636, 0.04305920794866329, 0.04099349831776726, 0.03881244197153391], "test_acc": [67.98004987531172, 71.17206982543641, 74.66334164588528, 75.51122194513715, 77.1072319201995]}