{"train_loss": [0.056782883665982574, 0.048019694974899836, 0.04562606825303875, 0.04305114607608861, 0.040633980589381155], "train_acc": [68.146139574711, 71.8424432710147, 72.8842585985443, 74.92507492507492, 76.52347652347652], "test_loss": [0.050352325225411505, 0.04614308792308085, 0.04644073036097529, 0.041456896772705705, 0.04150446281022859], "test_acc": [70.17456359102245, 73.76558603491272, 72.91770573566085, 75.56109725685785, 75.86034912718205]}