{"train_loss": [0.06607712917768854, 0.06061808828945522, 0.05713171443943292, 0.05458948940391698, 0.05223741089419834], "train_acc": [67.0472384758099, 66.6048237476809, 67.73226773226773, 68.21749678892536, 69.57328385899814], "test_loss": [0.05935527759597189, 0.05896208373983008, 0.05644728562183808, 0.052473933545134015, 0.04972383867475457], "test_acc": [67.43142144638404, 66.88279301745636, 67.83042394014963, 68.5286783042394, 70.82294264339153]}