{"train_loss": [0.06522991720800207, 0.05531793281561437, 0.05300124819172897, 0.05052433995602048, 0.04751289503089844], "train_acc": [67.11859569002426, 68.37448266019695, 69.01669758812616, 69.47338375909804, 71.11459968602826], "test_loss": [0.055499194372919135, 0.052656769440358416, 0.05130664930676582, 0.04914106424907199, 0.04593209122630426], "test_acc": [69.07730673316708, 68.5785536159601, 69.37655860349128, 69.92518703241895, 71.2718204488778]}