{"train_loss": [0.06157957832551605, 0.052716747187880796, 0.05005040363304554, 0.047869278417600615, 0.04640378089217873], "train_acc": [66.704723847581, 68.81689738832596, 70.60082774368489, 71.7425431711146, 71.78535749964321], "test_loss": [0.05313602989153969, 0.05040057754873337, 0.04757023550328471, 0.046034082926419605, 0.04555276981612988], "test_acc": [68.87780548628429, 70.22443890274315, 70.47381546134663, 72.61845386533666, 73.01745635910224]}