{"train_loss": [0.05591015753127444, 0.049716455515022705, 0.047788887622694294, 0.04529373296082607, 0.043008331290764014], "train_acc": [67.50392464678178, 70.4438418724133, 71.49992864278579, 72.96988725560153, 74.2828599971457], "test_loss": [0.050349514204962295, 0.05006990131000034, 0.04765319625784334, 0.043845715412772504, 0.04451142241829946], "test_acc": [70.17456359102245, 70.67331670822942, 70.72319201995012, 74.3640897755611, 74.3640897755611]}