{"train_loss": [0.059600229799721946, 0.05327930418285099, 0.04978510098585273, 0.048295782658093256, 0.04753128871421629, 0.046788049102322905, 0.0462795004505939, 0.0452019108975854, 0.04467201401337724, 0.0436641675876928], "train_acc": [67.06150991865277, 69.01669758812616, 71.17168545739975, 72.17068645640074, 71.5427429713144, 72.09932924218639, 72.98415869844442, 73.69773084058798, 73.52647352647352, 74.15441701155987], "test_loss": [0.055715717936394515, 0.053169622311271036, 0.04674675714345347, 0.053354292922186436, 0.04951079693667015, 0.04733859871391049, 0.04562918423417203, 0.06200216327819444, 0.05316469806834052, 0.048978337043538656], "test_acc": [66.83291770573567, 69.12718204488777, 72.51870324189527, 71.57107231920199, 70.37406483790524, 72.21945137157107, 73.61596009975062, 72.26932668329177, 73.51620947630923, 74.81296758104739]}