{"train_loss": [0.060182070896291046, 0.05119080585284701, 0.04802856614845905, 0.04690966199362041, 0.04548602472005599, 0.04417727388940253, 0.04270357260592436, 0.04209937700935041, 0.04123882025339914, 0.039499043605969675], "train_acc": [67.6466390752105, 70.144141572713, 72.25631511345797, 72.8842585985443, 73.85471671185957, 74.51120308263165, 75.35321821036106, 75.42457542457542, 75.92407592407592, 76.65191950906237], "test_loss": [0.050829229561468015, 0.051797356941456214, 0.04582019075937105, 0.046919300981293294, 0.04838591068611478, 0.04446037706740182, 0.04409369870165637, 0.04620857431629947, 0.04074957812962092, 0.04237984697197441], "test_acc": [69.72568578553616, 71.82044887780549, 73.56608478802993, 75.06234413965088, 75.31172069825436, 74.86284289276809, 75.01246882793018, 75.06234413965088, 77.0573566084788, 76.45885286783043]}