{"train_loss": [0.016029675757581272, 0.0037588687434515285, 0.0017241619856688754, 0.0009948941233521357, 0.0008288806275337027], "train_acc": [83.38589739880211, 96.37741963484852, 98.3883568183791, 99.05963369115477, 99.20719886577356], "test_loss": [0.01236372553201853, 0.012164084752502973, 0.011291761016920553, 0.01245238865252753, 0.011359200941012967], "test_acc": [86.89953875576555, 88.03014962312972, 90.09449881876476, 89.50388120148499, 90.02699966250422]}