{"train_loss": [0.014886292622738904, 0.0029284428611537545, 0.0013396774373638425, 0.0010807285014213098, 0.0007752704093922163], "train_acc": [83.92696970573768, 96.83747576748358, 98.59668412372328, 98.82237203784612, 99.13196956106594], "test_loss": [0.013685846782986916, 0.013021216168989195, 0.014498641782346264, 0.011282656520087721, 0.011651666946087855], "test_acc": [86.460794240072, 88.7782652716841, 88.71076611542355, 91.23635954550568, 89.9820002249972]}