{"train_loss": [0.06434102368543945, 0.024736245459182484, 0.015100624390048226, 0.010302683077587168, 0.007491905332473087], "train_acc": [82.09831891438327, 93.31905905500419, 95.96944532854953, 97.25123694337547, 98.04403807760193], "test_loss": [0.04372848653452363, 0.030174455231082125, 0.024556293358563984, 0.022775044281536854, 0.021091847984020334], "test_acc": [88.26077174035325, 92.58071774102824, 93.61007987400157, 94.16694791315109, 94.4313196085049]}