{"train_loss": [0.07591709831996794, 0.02492385113896636, 0.014720931145115005, 0.0101310207213328, 0.007347423073097986], "train_acc": [80.75576516883191, 93.79647579641792, 96.29640346054802, 97.51743294464859, 98.16266890425624], "test_loss": [0.04505408738655787, 0.029208598377148034, 0.02561053679079283, 0.021416207075847175, 0.019916498212382623], "test_acc": [87.58578017774778, 91.78197772527844, 93.27820902238722, 94.5381932725841, 94.88693891326358]}