{"convnextv2_atto":{"BloodMNIST":94.0076001169,"BreastMNIST":76.9230769231,"DermaMNIST":72.1197007481,"OrganAMNIST":90.0944988188,"OrganCMNIST":88.91187926,"OrganSMNIST":77.7047694573,"PathMNIST":87.3537604457,"PneumoniaMNIST":86.0576923077,"RetinaMNIST":51.25},"convnextv2_base":{"BloodMNIST":94.3291435253,"BreastMNIST":75.0,"DermaMNIST":71.6209476309,"OrganAMNIST":91.2363595455,"OrganCMNIST":88.9483933788,"OrganSMNIST":75.3483629772,"PathMNIST":90.6545961003,"PneumoniaMNIST":83.4935897436,"RetinaMNIST":52.25},"densenet121":{"BloodMNIST":98.2461268635,"BreastMNIST":86.5384615385,"DermaMNIST":75.8603491272,"OrganAMNIST":95.1063111711,"OrganCMNIST":92.2955209348,"OrganSMNIST":80.2424379744,"PathMNIST":89.0668523677,"PneumoniaMNIST":91.1858974359,"RetinaMNIST":54.75},"densenet201":{"BloodMNIST":98.2461268635,"BreastMNIST":85.8974358974,"DermaMNIST":77.1072319202,"OrganAMNIST":94.7969400382,"OrganCMNIST":91.540895813,"OrganSMNIST":80.7295796987,"PathMNIST":90.069637883,"PneumoniaMNIST":91.8269230769,"RetinaMNIST":53.0},"eva02_base":{"BloodMNIST":94.3291435253,"BreastMNIST":75.641025641,"DermaMNIST":70.8229426434,"OrganAMNIST":90.8651141861,"OrganCMNIST":88.8266796495,"OrganSMNIST":76.5492239719,"PathMNIST":85.6545961003,"PneumoniaMNIST":86.0576923077,"RetinaMNIST":52.5},"eva02_small":{"BloodMNIST":95.966091786,"BreastMNIST":73.0769230769,"DermaMNIST":71.2718204489,"OrganAMNIST":92.6650916864,"OrganCMNIST":89.5813047712,"OrganSMNIST":77.8293871077,"PathMNIST":91.782729805,"PneumoniaMNIST":88.7820512821,"RetinaMNIST":52.25},"resnet18":{"BloodMNIST":97.1061093248,"BreastMNIST":77.5641025641,"DermaMNIST":73.0174563591,"OrganAMNIST":94.8869389133,"OrganCMNIST":87.6217137293,"OrganSMNIST":76.9797213096,"PathMNIST":89.3175487465,"PneumoniaMNIST":84.6153846154,"RetinaMNIST":55.0},"resnet50":{"BloodMNIST":97.6030400468,"BreastMNIST":83.9743589744,"DermaMNIST":74.3640897756,"OrganAMNIST":94.4313196085,"OrganCMNIST":88.0111976631,"OrganSMNIST":77.0816812054,"PathMNIST":88.7743732591,"PneumoniaMNIST":87.1794871795,"RetinaMNIST":53.5},"UNet_VAR":{"BloodMNIST":97.9538146741,"BreastMNIST":85.2564102564,"DermaMNIST":74.812967581,"OrganAMNIST":95.8881763978,"OrganCMNIST":92.5511197663,"OrganSMNIST":81.3753257052,"PathMNIST":94.8746518106,"PneumoniaMNIST":94.8717948718,"RetinaMNIST":58.25},"VovUnet_Var":{"BloodMNIST":98.7722888044,"BreastMNIST":88.4615384615,"DermaMNIST":77.0573566085,"OrganAMNIST":96.2031724603,"OrganCMNIST":93.4031158715,"OrganSMNIST":81.8171519202,"PathMNIST":95.0,"PneumoniaMNIST":95.1923076923,"RetinaMNIST":57.25}}