{"train_loss": [0.034679539719217986, 0.017377986581425024, 0.013888374529476086, 0.011059152859966784, 0.009015161674395377], "train_acc": [78.825774285216, 90.49724550406762, 92.54388214655765, 94.1893985247802, 95.34454281522821], "test_loss": [0.053858356833457945, 0.050516138762235645, 0.03724414686113596, 0.039847983717918395, 0.028344481125473976], "test_acc": [66.1, 70.6, 79.8, 76.3, 83.9]}