{"train_loss": [0.03959531614920487, 0.013430767277826446, 0.010175402893613138, 0.00829287103689526, 0.006663681020668897], "train_acc": [74.69556921119855, 92.92345886721996, 94.67874472952595, 95.63179006329699, 96.5171271171661], "test_loss": [0.05850097644329071, 0.039811120934784415, 0.04187053246051073, 0.025487352050840854, 0.047675357576459645], "test_acc": [69.9, 79.2, 77.5, 86.2, 81.9]}