{"train_loss": [0.013755559542905596, 0.0075952139124495915, 0.006122491172441259, 0.005019326671337639, 0.00398825878825937], "train_acc": [92.7275152087159, 96.02880679544919, 96.66588015634457, 97.29372056998061, 97.80153266924505], "test_loss": [0.03398445222899318, 0.025502439185976982, 0.020331704996526243, 0.015718038756400345, 0.01973345549032092], "test_acc": [81.5, 86.0, 88.3, 92.6, 89.8]}