{"train_loss": [0.013785003178184584, 0.007719377056189363, 0.006145384331553037, 0.004924521782383148, 0.003867116580411796], "train_acc": [92.70802343116839, 95.91185613016404, 96.691527232065, 97.37886886137242, 97.8651374170317], "test_loss": [0.04119822152704, 0.020068092023022472, 0.014645792704075575, 0.024008151400834322, 0.027731003302149476], "test_acc": [79.2, 88.3, 91.2, 87.1, 87.5]}