{"train_loss": [0.03174126694876798, 0.014190788295410298, 0.011299314744175315, 0.009539663318308788, 0.007932564499957098], "train_acc": [81.6469526144629, 92.30998081598736, 93.91035834094197, 94.88597310134699, 95.7713101552161], "test_loss": [0.031398453161120415, 0.06469827330112457, 0.039886407196521756, 0.033987377364188436, 0.027798339936882258], "test_acc": [80.4, 65.1, 76.2, 81.2, 83.7]}