{"train_loss": [0.038523306839514854, 0.02291305955835989, 0.01971466758718376, 0.01788034930098382, 0.016628061320666288], "train_acc": [77.7732182976497, 87.41651876853001, 89.2087364198734, 90.12484996460704, 90.86656339444177], "test_loss": [0.06040733450651169, 0.054603521317243574, 0.059482866525650026, 0.050828351095318795, 0.06806878462433814], "test_acc": [62.7, 64.2, 65.8, 70.8, 63.8]}