{"train_loss": [0.02155588036730676, 0.010351777774728243, 0.007894278163638115, 0.006517401354109029, 0.005251890027478707], "train_acc": [88.18900868922925, 94.57000112847133, 95.83696666906039, 96.56329185346287, 97.22396052402105], "test_loss": [0.02859729689359665, 0.034632330410182474, 0.01928456019423902, 0.022275781560689212, 0.02564323838055134], "test_acc": [83.1, 80.5, 90.0, 87.6, 85.9]}