{"train_loss": [0.03612176164439188, 0.015528393564656061, 0.01099325939187482, 0.007766295102853794, 0.0059874923437876855], "train_acc": [80.41618497109826, 91.7533718689788, 94.11175337186899, 95.88439306358381, 96.94026974951831], "test_loss": [0.028523717151307287, 0.022529327932429184, 0.018737887331246494, 0.019320379869258365, 0.020917680454883632], "test_acc": [85.72297955209348, 89.05793573515092, 90.49415774099319, 90.68889970788705, 90.17770204479065]}