{"train_loss": [0.059604771501870976, 0.02148418998212943, 0.01399992207499483, 0.008753086479563762, 0.006060185321195765], "train_acc": [66.89788053949904, 86.89017341040463, 92.13872832369943, 95.21387283236994, 96.66281310211946], "test_loss": [0.03328456141656771, 0.025586853154772618, 0.02351355729007979, 0.021960848006428908, 0.02054501160150761], "test_acc": [80.25803310613438, 85.79600778967868, 88.0111976630964, 88.98490749756573, 90.51850048685492]}