{"train_loss": [0.03857253008818889, 0.033846165507267684, 0.03221243548960913, 0.02765848252908651, 0.022369530604599595], "train_acc": [71.06227106227107, 72.89377289377289, 76.55677655677655, 79.85347985347985, 83.6996336996337], "test_loss": [0.03499028640679824, 0.032449125670469724, 0.03199634471764931, 0.0304245688021183, 0.03501436439080116], "test_acc": [73.07692307692308, 76.28205128205128, 75.64102564102564, 76.92307692307692, 73.07692307692308]}