{"train_loss": [0.054224404714483046, 0.03761624896919334, 0.036448585244762154, 0.037360191700004396, 0.03502047072836768], "train_acc": [65.2014652014652, 73.07692307692308, 71.7948717948718, 72.89377289377289, 75.45787545787546], "test_loss": [0.03970859257074503, 0.03601455306395506, 0.03428536023084934, 0.033032349860056855, 0.03298194305254863], "test_acc": [73.07692307692308, 73.07692307692308, 73.07692307692308, 75.0, 74.35897435897436]}