{"train_loss": [0.03408113793357388, 0.02851416629094344, 0.023407431885654674, 0.01860629134016596, 0.01432925359015063], "train_acc": [75.82417582417582, 82.6007326007326, 85.34798534798534, 88.0952380952381, 91.94139194139194], "test_loss": [0.03282365050071325, 0.027801522459739294, 0.024979427074774716, 0.03456661353508631, 0.025857713169012315], "test_acc": [75.0, 80.76923076923077, 82.05128205128206, 75.64102564102564, 86.53846153846153]}