{"train_loss": [0.031850173632740536, 0.02570611699706032, 0.021822667929715725, 0.015020723198796366, 0.010524706778563422], "train_acc": [79.67032967032966, 83.6996336996337, 87.17948717948718, 90.29304029304029, 93.04029304029304], "test_loss": [0.031542568252636835, 0.02486941953882193, 0.02309973547473932, 0.023561464527096503, 0.029747616881743457], "test_acc": [80.12820512820512, 80.12820512820512, 83.97435897435898, 85.8974358974359, 80.76923076923077]}