{"train_loss": [0.03824999388102647, 0.037456240627791855, 0.03772792503947303, 0.036934858276730494, 0.03633925247760046], "train_acc": [72.71062271062272, 73.07692307692308, 73.07692307692308, 73.07692307692308, 72.89377289377289], "test_loss": [0.037105794136340804, 0.03718785463999479, 0.037140286503694, 0.03701340693693895, 0.035534872458531305], "test_acc": [73.07692307692308, 73.07692307692308, 73.07692307692308, 73.07692307692308, 73.07692307692308]}