{"train_loss": [0.0384250290337063, 0.03673197219878326, 0.037217363442256776, 0.03758439519903162, 0.03542589218843551], "train_acc": [71.42857142857143, 73.07692307692308, 73.07692307692308, 73.07692307692308, 73.07692307692308], "test_loss": [0.03713362568464035, 0.037842036630862795, 0.03657669879687138, 0.03520872806891417, 0.03290138011559462], "test_acc": [73.07692307692308, 73.07692307692308, 73.07692307692308, 73.07692307692308, 75.64102564102564]}