{"train_loss": [0.03839409062058934, 0.03316311718343378, 0.031480367257918196, 0.030402200562613352, 0.03059680809031476], "train_acc": [69.23076923076923, 75.0915750915751, 78.2051282051282, 79.67032967032966, 80.95238095238095], "test_loss": [0.04406186212331821, 0.036515601934530795, 0.030873811970918607, 0.030421941517255247, 0.029359370470046997], "test_acc": [57.05128205128205, 72.43589743589743, 77.56410256410257, 76.28205128205128, 77.56410256410257]}