{"train_loss": [0.03524223766920767, 0.030456388880918315, 0.02915918073811374, 0.026957888388153398, 0.024106616556862772], "train_acc": [75.27472527472527, 78.93772893772893, 80.58608058608058, 83.33333333333333, 85.16483516483517], "test_loss": [0.07073927078491603, 0.03405714856508451, 0.027817587821911544, 0.030354804335496366, 0.028151382620518025], "test_acc": [26.923076923076923, 77.56410256410257, 83.97435897435898, 78.84615384615384, 80.76923076923077]}