{"train_loss": [0.04123741224571899, 0.03034411851084713, 0.029940125133310045, 0.024320720971285643, 0.020045239096268628, 0.020296084438706494, 0.017799772322177887, 0.017399217633209823, 0.015584695401973341, 0.012731457784116924], "train_acc": [72.34432234432235, 80.95238095238095, 82.05128205128206, 81.5018315018315, 86.99633699633699, 87.91208791208791, 88.0952380952381, 90.29304029304029, 90.84249084249085, 91.02564102564102], "test_loss": [0.17519061534832686, 0.05568677683671316, 0.027056307937854376, 0.03759035038260313, 0.0800046960894878, 0.03561930931531466, 0.030101748422170296, 0.09109221054957463, 0.0454610349276127, 0.02713544399310381], "test_acc": [26.923076923076923, 47.43589743589744, 82.6923076923077, 80.76923076923077, 77.56410256410257, 77.56410256410257, 85.25641025641026, 41.666666666666664, 76.92307692307692, 75.64102564102564]}