{"train_loss": [0.041397447824041485, 0.027408757325493808, 0.024846302720653267, 0.02225405706481619, 0.01782205114106992, 0.018558689457920444, 0.012947102251288655, 0.011822456773711649, 0.007849234947764175, 0.005693380546930072], "train_acc": [70.51282051282051, 82.78388278388279, 84.43223443223444, 83.33333333333333, 88.64468864468864, 89.56043956043956, 92.12454212454213, 93.04029304029304, 96.15384615384616, 97.8021978021978], "test_loss": [0.13643380464651647, 0.02807380774846444, 0.03057276075467085, 0.04770555939429846, 0.031206172914841235, 0.02714528840703842, 0.030010689527560502, 0.02493927293480971, 0.032185724148383506, 0.022329109410444897], "test_acc": [26.923076923076923, 81.41025641025641, 82.05128205128206, 57.69230769230769, 83.33333333333333, 84.61538461538461, 79.48717948717949, 86.53846153846153, 83.33333333333333, 88.46153846153847]}