{"train_loss": [0.009929521745901058, 0.002958290833525623, 0.0017760758249360264, 0.000986012354903911, 0.0007795983043885431], "train_acc": [89.48236451491566, 97.12971268192472, 98.35363560082173, 99.10014177830503, 99.31136251844565], "test_loss": [0.007295324262082812, 0.005766661213920973, 0.004810647548464787, 0.00803526948558529, 0.005658936799689808], "test_acc": [92.25447181910226, 93.93632579592754, 94.79694003824952, 93.04758690516368, 94.26257171785353]}