{"train_loss": [0.01168844243356611, 0.003801569875588642, 0.0022932764530845433, 0.00158781986429697, 0.0012442949597721302], "train_acc": [87.97777842076329, 96.22406759063685, 97.78073551112526, 98.55906947136947, 98.78765082028876], "test_loss": [0.008577218485853846, 0.009377634420987591, 0.007114445852490416, 0.006340418598802281, 0.005401411339580792], "test_acc": [90.35887051411858, 90.73574080323996, 92.59759253009338, 94.52694341320733, 95.10631117111036]}