{"train_loss": [0.017217205816188456, 0.005356460548456111, 0.0027665608092711192, 0.0022467000978466066, 0.003266317818420359], "train_acc": [79.48554729319174, 94.24495818986719, 96.99372124649172, 97.64185064089581, 96.56838633141402], "test_loss": [0.011446808806278666, 0.008297718526668312, 0.009776001797278862, 0.022094821452420584, 0.009615061839489064], "test_acc": [87.61952975587805, 90.86511418607267, 90.22949713128585, 81.93272584092699, 90.25199685003938]}