{"train_loss": [0.019560258942588445, 0.00413950636346775, 0.002028436548728046, 0.0013809286944734638, 0.0010685346646600459], "train_acc": [77.39070050056422, 95.59619223980788, 97.85885825062932, 98.58221694974104, 98.8455195162177], "test_loss": [0.01158447086220987, 0.008254351712941841, 0.008500168421231852, 0.007647979615240684, 0.009243522606275529], "test_acc": [86.86578917763528, 91.32073349083136, 91.73135335808303, 92.66509168635392, 91.41073236584543]}