{"train_loss": [0.012034826496540715, 0.0043147603345593, 0.002872253638287426, 0.0019845803036669467, 0.0015587714850944703, 0.001218321609482271, 0.001077313676372139, 0.0009439905283775286, 0.0007975953218558073, 0.0007314687193929931], "train_acc": [86.70466711032667, 95.83924076270941, 97.35540059604757, 98.23500477416741, 98.59957755851971, 98.81947860304967, 98.9872978212436, 99.13196956106594, 99.27374786609184, 99.37791151876392], "test_loss": [0.01631133419566635, 0.007276552590799386, 0.00823233279476372, 0.005523162688073016, 0.004365699178899529, 0.0068361657846705195, 0.005216410454486891, 0.005504655920188371, 0.003883276411498988, 0.007982215076413696], "test_acc": [82.2477219034762, 92.78321520980988, 91.88885138935763, 94.78006524918439, 95.51693103836202, 93.48070649116886, 94.87568905388683, 94.07132410844865, 96.25379682753966, 94.36944538193272]}