{"train_loss": [0.025073834713596387, 0.009333277376740137, 0.00589598525364877, 0.00437598722372521, 0.003351356980447719, 0.002741356062250317, 0.0022342301856837147, 0.0019188968794805195, 0.0016517155978069957, 0.0013700614466345218], "train_acc": [86.28222563004543, 95.31263562975609, 97.06605711640289, 97.83281733746131, 98.33048812245016, 98.67770029802378, 98.94100286450045, 99.09435490871213, 99.27374786609184, 99.37501808396748], "test_loss": [0.014985595595094514, 0.01210345844712516, 0.009582530022786346, 0.009930281408512704, 0.01088560283887363, 0.009730106761336134, 0.010576350884525425, 0.0074488322254749025, 0.008788239275577063, 0.009489382749686573], "test_acc": [92.03509956125548, 93.16571042861965, 94.60006749915627, 95.21318483518957, 94.5606929913376, 95.1513106086174, 94.3750703116211, 95.88817639779502, 95.61817977275284, 95.42130723365958]}