{"train_loss": [0.0439273544611663, 0.01550442936747946, 0.009907560021114047, 0.007186298343912859, 0.005362083676274371], "train_acc": [88.65194872833541, 96.0851827204074, 97.50875264025925, 98.2031769914065, 98.63429877607709], "test_loss": [0.031174029244732546, 0.01765100889070621, 0.017438703944348887, 0.01467335449944491, 0.015040768298941982], "test_acc": [91.27010912363596, 94.75194060074249, 95.47755653054337, 96.20317246034425, 96.14129823377208]}